path,label,pred,conf,p0,p1,p2,p3,p4,p5,p6,p7,p8,p9,pN,position,frame,screen,contrast
C:\Users\josep\source\repos\AIOTED-digital\04_joe_lcd_20x32\0_main_dig3_20260730-163930.jpg,0,0,0.999455,0.999455,0.000000,0.000000,0.000000,0.000001,0.000000,0.000000,0.000000,0.000540,0.000003,0.000001,3,20260730-163930,zeros,65.220
C:\Users\josep\source\repos\AIOTED-digital\04_joe_lcd_20x32\0_main_dig3_20260730-165100.jpg,0,0,0.999600,0.999600,0.000001,0.000000,0.000000,0.000001,0.000000,0.000000,0.000000,0.000396,0.000001,0.000002,3,20260730-165100,zeros,49.427
C:\Users\josep\source\repos\AIOTED-digital\04_joe_lcd_20x32\0_main_dig3_20260730-190903.jpg,0,0,0.999113,0.999113,0.000006,0.000000,0.000000,0.000008,0.000000,0.000000,0.000001,0.000869,0.000001,0.000002,3,20260730-190903,zeros,34.321
C:\Users\josep\source\repos\AIOTED-digital\04_joe_lcd_20x32\0_main_dig3_20260731-090855.jpg,0,0,0.999686,0.999686,0.000001,0.000000,0.000000,0.000000,0.000000,0.000000,0.000000,0.000313,0.000000,0.000000,3,20260731-090855,zeros,61.651
C:\Users\josep\source\repos\AIOTED-digital\04_joe_lcd_20x32\0_main_dig3_20260731-092025.jpg,0,0,0.999609,0.999609,0.000000,0.000000,0.000000,0.000000,0.000000,0.000000,0.000000,0.000391,0.000000,0.000000,3,20260731-092025,zeros,62.630
C:\Users\josep\source\repos\AIOTED-digital\04_joe_lcd_20x32\7_main_dig3_20260730-155330.jpg,7,7,0.445694,0.000308,0.094124,0.000401,0.398463,0.039630,0.000003,0.000000,0.445694,0.002094,0.017488,0.001795,3,20260730-155330,kwh,55.860
C:\Users\josep\source\repos\AIOTED-digital\04_joe_lcd_20x32\7_main_dig3_20260730-170230.jpg,7,7,0.997299,0.000023,0.001855,0.000067,0.000751,0.000001,0.000000,0.000000,0.997299,0.000000,0.000000,0.000003,3,20260730-170230,kwh,48.889
C:\Users\josep\source\repos\AIOTED-digital\04_joe_lcd_20x32\7_main_dig3_20260730-171400.jpg,7,7,0.992611,0.000358,0.002212,0.001392,0.003391,0.000006,0.000000,0.000000,0.992611,0.000008,0.000004,0.000018,3,20260730-171400,kwh,42.674
C:\Users\josep\source\repos\AIOTED-digital\04_joe_lcd_20x32\7_main_dig3_20260730-172530.jpg,7,7,0.994513,0.000076,0.003379,0.000447,0.001568,0.000003,0.000000,0.000000,0.994513,0.000002,0.000001,0.000011,3,20260730-172530,kwh,44.259
C:\Users\josep\source\repos\AIOTED-digital\04_joe_lcd_20x32\7_main_dig3_20260730-173700.jpg,7,7,0.994234,0.000108,0.003176,0.000558,0.001907,0.000005,0.000000,0.000000,0.994234,0.000002,0.000002,0.000008,3,20260730-173700,kwh,43.826
C:\Users\josep\source\repos\AIOTED-digital\04_joe_lcd_20x32\7_main_dig3_20260730-174830.jpg,7,7,0.913934,0.012908,0.071236,0.000255,0.001295,0.000109,0.000000,0.000000,0.913934,0.000008,0.000010,0.000245,3,20260730-174830,kwh,36.217
C:\Users\josep\source\repos\AIOTED-digital\04_joe_lcd_20x32\7_main_dig3_20260730-192033.jpg,7,7,0.836722,0.020190,0.131833,0.000884,0.005108,0.003484,0.000003,0.000001,0.836722,0.000201,0.000110,0.001465,3,20260730-192033,kwh,31.969
C:\Users\josep\source\repos\AIOTED-digital\04_joe_lcd_20x32\7_main_dig3_20260730-193203.jpg,7,7,0.832129,0.051271,0.097545,0.002717,0.006652,0.005477,0.000004,0.000001,0.832129,0.000685,0.000348,0.003170,3,20260730-193203,kwh,38.143
C:\Users\josep\source\repos\AIOTED-digital\04_joe_lcd_20x32\7_main_dig3_20260730-194333.jpg,7,7,0.865713,0.055709,0.066299,0.002555,0.002873,0.002811,0.000001,0.000001,0.865713,0.000382,0.000148,0.003508,3,20260730-194333,kwh,47.834
C:\Users\josep\source\repos\AIOTED-digital\04_joe_lcd_20x32\7_main_dig3_20260730-195502.jpg,7,0,0.431230,0.431230,0.016000,0.056622,0.010006,0.183190,0.001472,0.001427,0.039675,0.095758,0.004202,0.160417,3,20260730-195502,kwh,56.940
C:\Users\josep\source\repos\AIOTED-digital\04_joe_lcd_20x32\7_main_dig3_20260731-055303.jpg,7,7,0.273496,0.177675,0.076559,0.041103,0.027810,0.211268,0.000247,0.000110,0.273496,0.020097,0.002677,0.168958,3,20260731-055303,kwh,48.221
C:\Users\josep\source\repos\AIOTED-digital\04_joe_lcd_20x32\7_main_dig3_20260731-070635.jpg,7,3,0.566302,0.000061,0.011551,0.000389,0.566302,0.001947,0.000001,0.000000,0.418063,0.000115,0.001145,0.000428,3,20260731-070635,kwh,41.163
C:\Users\josep\source\repos\AIOTED-digital\04_joe_lcd_20x32\7_main_dig3_20260731-071805.jpg,7,7,0.972848,0.000023,0.002710,0.000024,0.024357,0.000013,0.000000,0.000000,0.972848,0.000001,0.000013,0.000010,3,20260731-071805,kwh,44.811
C:\Users\josep\source\repos\AIOTED-digital\04_joe_lcd_20x32\7_main_dig3_20260731-072935.jpg,7,7,0.916525,0.000014,0.022029,0.000014,0.060263,0.000894,0.000000,0.000000,0.916525,0.000002,0.000216,0.000043,3,20260731-072935,kwh,49.854
C:\Users\josep\source\repos\AIOTED-digital\04_joe_lcd_20x32\7_main_dig3_20260731-074105.jpg,7,7,0.790879,0.000089,0.008250,0.000250,0.197501,0.001547,0.000000,0.000000,0.790879,0.000052,0.001276,0.000157,3,20260731-074105,kwh,43.060
C:\Users\josep\source\repos\AIOTED-digital\04_joe_lcd_20x32\7_main_dig3_20260731-075235.jpg,7,7,0.742290,0.000059,0.041330,0.000225,0.213287,0.001902,0.000000,0.000000,0.742290,0.000039,0.000594,0.000274,3,20260731-075235,kwh,41.672
C:\Users\josep\source\repos\AIOTED-digital\04_joe_lcd_20x32\7_main_dig3_20260731-093155.jpg,7,7,0.982634,0.000501,0.008889,0.000358,0.006327,0.000332,0.000000,0.000000,0.982634,0.000041,0.000861,0.000056,3,20260731-093155,kwh,57.022
C:\Users\josep\source\repos\AIOTED-digital\04_joe_lcd_20x32\7_main_dig3_20260731-094325.jpg,7,7,0.991334,0.000568,0.004077,0.000469,0.002842,0.000117,0.000000,0.000000,0.991334,0.000025,0.000538,0.000031,3,20260731-094325,kwh,57.046
C:\Users\josep\source\repos\AIOTED-digital\04_joe_lcd_20x32\7_main_dig3_20260731-095455.jpg,7,7,0.980297,0.000381,0.008298,0.000736,0.008167,0.000696,0.000000,0.000000,0.980297,0.000055,0.001269,0.000101,3,20260731-095455,kwh,56.833
C:\Users\josep\source\repos\AIOTED-digital\04_joe_lcd_20x32\7_main_dig3_20260731-100018.jpg,7,7,0.996015,0.000300,0.001979,0.000347,0.001093,0.000043,0.000000,0.000000,0.996015,0.000009,0.000199,0.000016,3,20260731-100018,kwh,64.941
C:\Users\josep\source\repos\AIOTED-digital\04_joe_lcd_20x32\7_main_dig3_20260731-101148.jpg,7,7,0.996683,0.000275,0.002124,0.000131,0.000573,0.000034,0.000000,0.000000,0.996683,0.000004,0.000168,0.000007,3,20260731-101148,kwh,63.961
C:\Users\josep\source\repos\AIOTED-digital\04_joe_lcd_20x32\7_main_dig3_20260731-103935.jpg,7,7,0.936094,0.000196,0.055758,0.000180,0.006047,0.001222,0.000000,0.000000,0.936094,0.000020,0.000374,0.000108,3,20260731-103935,kwh,45.276
C:\Users\josep\source\repos\AIOTED-digital\04_joe_lcd_20x32\7_main_dig3_20260731-105105.jpg,7,7,0.962447,0.000299,0.028567,0.000379,0.006514,0.001079,0.000000,0.000000,0.962447,0.000027,0.000563,0.000125,3,20260731-105105,kwh,62.256
C:\Users\josep\source\repos\AIOTED-digital\04_joe_lcd_20x32\7_main_dig3_20260731-110235.jpg,7,7,0.973989,0.000302,0.021015,0.000389,0.003507,0.000440,0.000000,0.000000,0.973989,0.000016,0.000260,0.000083,3,20260731-110235,kwh,59.786
C:\Users\josep\source\repos\AIOTED-digital\04_joe_lcd_20x32\7_main_dig3_20260731-111405.jpg,7,7,0.978215,0.000349,0.016327,0.000417,0.003612,0.000535,0.000000,0.000000,0.978215,0.000025,0.000453,0.000069,3,20260731-111405,kwh,60.685
C:\Users\josep\source\repos\AIOTED-digital\04_joe_lcd_20x32\8_main_dig3_20260730-160500.jpg,8,8,0.995257,0.001069,0.000000,0.000000,0.000000,0.000063,0.000000,0.000000,0.000000,0.995257,0.003588,0.000022,3,20260730-160500,test8,60.869
C:\Users\josep\source\repos\AIOTED-digital\04_joe_lcd_20x32\8_main_dig3_20260730-161630.jpg,8,8,0.993089,0.000778,0.000000,0.000000,0.000000,0.000245,0.000000,0.000000,0.000000,0.993089,0.005854,0.000034,3,20260730-161630,test8,65.333
C:\Users\josep\source\repos\AIOTED-digital\04_joe_lcd_20x32\8_main_dig3_20260731-102318.jpg,8,8,0.997793,0.002182,0.000000,0.000000,0.000000,0.000001,0.000000,0.000000,0.000000,0.997793,0.000024,0.000000,3,20260731-102318,test8,66.394
C:\Users\josep\source\repos\AIOTED-digital\04_joe_lcd_20x32\8_main_dig3_20260731-103448.jpg,8,8,0.998747,0.001223,0.000000,0.000000,0.000000,0.000001,0.000000,0.000000,0.000000,0.998747,0.000029,0.000000,3,20260731-103448,test8,68.165
C:\Users\josep\source\repos\AIOTED-digital\04_joe_lcd_20x32\8_main_dig3_20260731-112535.jpg,8,8,0.997979,0.001997,0.000000,0.000000,0.000000,0.000002,0.000000,0.000000,0.000000,0.997979,0.000022,0.000000,3,20260731-112535,test8,64.012
C:\Users\josep\source\repos\AIOTED-digital\04_joe_lcd_20x32\8_main_dig3_20260731-113705.jpg,8,8,0.995071,0.004903,0.000000,0.000000,0.000000,0.000001,0.000000,0.000000,0.000000,0.995071,0.000024,0.000000,3,20260731-113705,test8,65.886
C:\Users\josep\source\repos\AIOTED-digital\04_joe_lcd_20x32\N_main_dig3_20260730-162800.jpg,N,N,0.999953,0.000000,0.000000,0.000000,0.000001,0.000006,0.000039,0.000001,0.000000,0.000000,0.000000,0.999953,3,20260730-162800,blank09,36.277
C:\Users\josep\source\repos\AIOTED-digital\04_joe_lcd_20x32\N_main_dig3_20260731-063205.jpg,N,N,0.999818,0.000000,0.000001,0.000006,0.000000,0.000018,0.000152,0.000004,0.000000,0.000000,0.000000,0.999818,3,20260731-063205,blank09,19.200
C:\Users\josep\source\repos\AIOTED-digital\04_joe_lcd_20x32\N_main_dig3_20260731-084555.jpg,N,N,0.999998,0.000000,0.000000,0.000000,0.000000,0.000001,0.000002,0.000000,0.000000,0.000000,0.000000,0.999998,3,20260731-084555,blank09,31.439
C:\Users\josep\source\repos\AIOTED-digital\04_joe_lcd_20x32\N_main_dig3_20260731-085725.jpg,N,N,0.999999,0.000000,0.000000,0.000000,0.000000,0.000000,0.000001,0.000000,0.000000,0.000000,0.000000,0.999999,3,20260731-085725,blank09,31.124
C:\Users\josep\source\repos\AIOTED-digital\04_joe_lcd_20x32\N_main_dig3_20260731-114835.jpg,N,N,1.000000,0.000000,0.000000,0.000000,0.000000,0.000000,0.000000,0.000000,0.000000,0.000000,0.000000,1.000000,3,20260731-114835,blank09,35.687
C:\Users\josep\source\repos\AIOTED-digital\04_joe_lcd_20x32\N_main_dig3_20260731-120005.jpg,N,N,0.999999,0.000000,0.000000,0.000000,0.000000,0.000000,0.000000,0.000000,0.000000,0.000000,0.000000,0.999999,3,20260731-120005,blank09,34.566
