queue,item_id,stamp,pos,src,proposed,bucket,brightness,context,preflag,group
sample,20260920-012928_dig2,20260920-012928,2,C:\Users\josep\source\repos\AIOTED-digital-rawdigits\20260920\01\5_main_dig2_20260920-012928.jpg,5,flash,92.6,filename reading 58140; file 01/5_main_dig2_20260920-012928.jpg,,
sample,20260920-012928_dig3,20260920-012928,3,C:\Users\josep\source\repos\AIOTED-digital-rawdigits\20260920\01\8_main_dig3_20260920-012928.jpg,8,flash,91.7,filename reading 58140; file 01/8_main_dig3_20260920-012928.jpg,,
sample,20260920-012928_dig4,20260920-012928,4,C:\Users\josep\source\repos\AIOTED-digital-rawdigits\20260920\01\1_main_dig4_20260920-012928.jpg,1,flash,88.7,filename reading 58140; file 01/1_main_dig4_20260920-012928.jpg,drift,
sample,20260920-012928_dig5,20260920-012928,5,C:\Users\josep\source\repos\AIOTED-digital-rawdigits\20260920\01\4_main_dig5_20260920-012928.jpg,4,flash,69.0,filename reading 58140; file 01/4_main_dig5_20260920-012928.jpg,,
sample,20260920-012928_dig6,20260920-012928,6,C:\Users\josep\source\repos\AIOTED-digital-rawdigits\20260920\01\0_main_dig6_20260920-012928.jpg,0,flash,49.4,filename reading 58140; file 01/0_main_dig6_20260920-012928.jpg,,
sample,20260920-023728_dig2,20260920-023728,2,C:\Users\josep\source\repos\AIOTED-digital-rawdigits\20260920\02\8_main_dig2_20260920-023728.jpg,8,flash,90.8,filename reading 88806; file 02/8_main_dig2_20260920-023728.jpg,,
sample,20260920-023728_dig3,20260920-023728,3,C:\Users\josep\source\repos\AIOTED-digital-rawdigits\20260920\02\8_main_dig3_20260920-023728.jpg,8,flash,90.3,filename reading 88806; file 02/8_main_dig3_20260920-023728.jpg,,
sample,20260920-023728_dig4,20260920-023728,4,C:\Users\josep\source\repos\AIOTED-digital-rawdigits\20260920\02\8_main_dig4_20260920-023728.jpg,8,flash,84.5,filename reading 88806; file 02/8_main_dig4_20260920-023728.jpg,,
sample,20260920-023728_dig5,20260920-023728,5,C:\Users\josep\source\repos\AIOTED-digital-rawdigits\20260920\02\0_main_dig5_20260920-023728.jpg,0,flash,67.2,filename reading 88806; file 02/0_main_dig5_20260920-023728.jpg,,
sample,20260920-023728_dig6,20260920-023728,6,C:\Users\josep\source\repos\AIOTED-digital-rawdigits\20260920\02\6_main_dig6_20260920-023728.jpg,6,flash,48.6,filename reading 88806; file 02/6_main_dig6_20260920-023728.jpg,,
sample,20260920-042528_dig2,20260920-042528,2,C:\Users\josep\source\repos\AIOTED-digital-rawdigits\20260920\04\10_main_dig2_20260920-042528.jpg,N,flash,97.3,filename reading NNN09; file 04/10_main_dig2_20260920-042528.jpg,,
sample,20260920-042528_dig3,20260920-042528,3,C:\Users\josep\source\repos\AIOTED-digital-rawdigits\20260920\04\10_main_dig3_20260920-042528.jpg,N,flash,95.6,filename reading NNN09; file 04/10_main_dig3_20260920-042528.jpg,,
sample,20260920-042528_dig4,20260920-042528,4,C:\Users\josep\source\repos\AIOTED-digital-rawdigits\20260920\04\10_main_dig4_20260920-042528.jpg,N,flash,92.6,filename reading NNN09; file 04/10_main_dig4_20260920-042528.jpg,,
sample,20260920-042528_dig5,20260920-042528,5,C:\Users\josep\source\repos\AIOTED-digital-rawdigits\20260920\04\0_main_dig5_20260920-042528.jpg,0,flash,68.5,filename reading NNN09; file 04/0_main_dig5_20260920-042528.jpg,,
sample,20260920-042528_dig6,20260920-042528,6,C:\Users\josep\source\repos\AIOTED-digital-rawdigits\20260920\04\9_main_dig6_20260920-042528.jpg,9,flash,49.2,filename reading NNN09; file 04/9_main_dig6_20260920-042528.jpg,,
sample,20260920-043728_dig2,20260920-043728,2,C:\Users\josep\source\repos\AIOTED-digital-rawdigits\20260920\04\8_main_dig2_20260920-043728.jpg,8,flash,90.1,filename reading 88886; file 04/8_main_dig2_20260920-043728.jpg,,
sample,20260920-043728_dig3,20260920-043728,3,C:\Users\josep\source\repos\AIOTED-digital-rawdigits\20260920\04\8_main_dig3_20260920-043728.jpg,8,flash,89.7,filename reading 88886; file 04/8_main_dig3_20260920-043728.jpg,,
sample,20260920-043728_dig4,20260920-043728,4,C:\Users\josep\source\repos\AIOTED-digital-rawdigits\20260920\04\8_main_dig4_20260920-043728.jpg,8,flash,84.2,filename reading 88886; file 04/8_main_dig4_20260920-043728.jpg,,
sample,20260920-043728_dig5,20260920-043728,5,C:\Users\josep\source\repos\AIOTED-digital-rawdigits\20260920\04\8_main_dig5_20260920-043728.jpg,8,flash,67.0,filename reading 88886; file 04/8_main_dig5_20260920-043728.jpg,,
sample,20260920-043728_dig6,20260920-043728,6,C:\Users\josep\source\repos\AIOTED-digital-rawdigits\20260920\04\6_main_dig6_20260920-043728.jpg,6,flash,48.4,filename reading 88886; file 04/6_main_dig6_20260920-043728.jpg,,
sample,20260920-045728_dig2,20260920-045728,2,C:\Users\josep\source\repos\AIOTED-digital-rawdigits\20260920\04\8_main_dig2_20260920-045728.jpg,8,flash,90.5,filename reading 88800; file 04/8_main_dig2_20260920-045728.jpg,,
sample,20260920-045728_dig3,20260920-045728,3,C:\Users\josep\source\repos\AIOTED-digital-rawdigits\20260920\04\8_main_dig3_20260920-045728.jpg,8,flash,90.1,filename reading 88800; file 04/8_main_dig3_20260920-045728.jpg,,
sample,20260920-045728_dig4,20260920-045728,4,C:\Users\josep\source\repos\AIOTED-digital-rawdigits\20260920\04\8_main_dig4_20260920-045728.jpg,8,flash,84.4,filename reading 88800; file 04/8_main_dig4_20260920-045728.jpg,,
sample,20260920-045728_dig5,20260920-045728,5,C:\Users\josep\source\repos\AIOTED-digital-rawdigits\20260920\04\0_main_dig5_20260920-045728.jpg,0,flash,67.0,filename reading 88800; file 04/0_main_dig5_20260920-045728.jpg,,
sample,20260920-045728_dig6,20260920-045728,6,C:\Users\josep\source\repos\AIOTED-digital-rawdigits\20260920\04\0_main_dig6_20260920-045728.jpg,0,flash,48.3,filename reading 88800; file 04/0_main_dig6_20260920-045728.jpg,,
sample,20260920-050128_dig2,20260920-050128,2,C:\Users\josep\source\repos\AIOTED-digital-rawdigits\20260920\05\5_main_dig2_20260920-050128.jpg,5,flash,93.0,filename reading 59146; file 05/5_main_dig2_20260920-050128.jpg,,
sample,20260920-050128_dig3,20260920-050128,3,C:\Users\josep\source\repos\AIOTED-digital-rawdigits\20260920\05\9_main_dig3_20260920-050128.jpg,9,flash,91.9,filename reading 59146; file 05/9_main_dig3_20260920-050128.jpg,,
sample,20260920-050128_dig4,20260920-050128,4,C:\Users\josep\source\repos\AIOTED-digital-rawdigits\20260920\05\1_main_dig4_20260920-050128.jpg,1,flash,88.9,filename reading 59146; file 05/1_main_dig4_20260920-050128.jpg,,
sample,20260920-050128_dig5,20260920-050128,5,C:\Users\josep\source\repos\AIOTED-digital-rawdigits\20260920\05\4_main_dig5_20260920-050128.jpg,4,flash,68.7,filename reading 59146; file 05/4_main_dig5_20260920-050128.jpg,,
sample,20260920-050128_dig6,20260920-050128,6,C:\Users\josep\source\repos\AIOTED-digital-rawdigits\20260920\05\6_main_dig6_20260920-050128.jpg,6,flash,48.9,filename reading 59146; file 05/6_main_dig6_20260920-050128.jpg,,
sample,20260920-054128_dig2,20260920-054128,2,C:\Users\josep\source\repos\AIOTED-digital-rawdigits\20260920\05\5_main_dig2_20260920-054128.jpg,5,flash,93.1,filename reading 58196; file 05/5_main_dig2_20260920-054128.jpg,drift,
sample,20260920-054128_dig3,20260920-054128,3,C:\Users\josep\source\repos\AIOTED-digital-rawdigits\20260920\05\8_main_dig3_20260920-054128.jpg,8,flash,92.1,filename reading 58196; file 05/8_main_dig3_20260920-054128.jpg,,
sample,20260920-054128_dig4,20260920-054128,4,C:\Users\josep\source\repos\AIOTED-digital-rawdigits\20260920\05\1_main_dig4_20260920-054128.jpg,1,flash,89.0,filename reading 58196; file 05/1_main_dig4_20260920-054128.jpg,,
sample,20260920-054128_dig5,20260920-054128,5,C:\Users\josep\source\repos\AIOTED-digital-rawdigits\20260920\05\9_main_dig5_20260920-054128.jpg,9,flash,68.9,filename reading 58196; file 05/9_main_dig5_20260920-054128.jpg,,
sample,20260920-054128_dig6,20260920-054128,6,C:\Users\josep\source\repos\AIOTED-digital-rawdigits\20260920\05\6_main_dig6_20260920-054128.jpg,6,flash,51.7,filename reading 58196; file 05/6_main_dig6_20260920-054128.jpg,,
sample,20260920-065328_dig2,20260920-065328,2,C:\Users\josep\source\repos\AIOTED-digital-rawdigits\20260920\06\0_main_dig2_20260920-065328.jpg,0,transition,92.5,filename reading 00000; file 06/0_main_dig2_20260920-065328.jpg,,
sample,20260920-065328_dig3,20260920-065328,3,C:\Users\josep\source\repos\AIOTED-digital-rawdigits\20260920\06\0_main_dig3_20260920-065328.jpg,0,transition,91.4,filename reading 00000; file 06/0_main_dig3_20260920-065328.jpg,,
sample,20260920-065328_dig4,20260920-065328,4,C:\Users\josep\source\repos\AIOTED-digital-rawdigits\20260920\06\0_main_dig4_20260920-065328.jpg,0,transition,86.9,filename reading 00000; file 06/0_main_dig4_20260920-065328.jpg,,
sample,20260920-065328_dig5,20260920-065328,5,C:\Users\josep\source\repos\AIOTED-digital-rawdigits\20260920\06\0_main_dig5_20260920-065328.jpg,0,transition,70.9,filename reading 00000; file 06/0_main_dig5_20260920-065328.jpg,,
sample,20260920-065328_dig6,20260920-065328,6,C:\Users\josep\source\repos\AIOTED-digital-rawdigits\20260920\06\0_main_dig6_20260920-065328.jpg,0,transition,59.5,filename reading 00000; file 06/0_main_dig6_20260920-065328.jpg,,
sample,20260920-070128_dig2,20260920-070128,2,C:\Users\josep\source\repos\AIOTED-digital-rawdigits\20260920\07\0_main_dig2_20260920-070128.jpg,0,day,93.7,filename reading 00000; file 07/0_main_dig2_20260920-070128.jpg,,
sample,20260920-070128_dig3,20260920-070128,3,C:\Users\josep\source\repos\AIOTED-digital-rawdigits\20260920\07\0_main_dig3_20260920-070128.jpg,0,day,92.5,filename reading 00000; file 07/0_main_dig3_20260920-070128.jpg,,
sample,20260920-070128_dig4,20260920-070128,4,C:\Users\josep\source\repos\AIOTED-digital-rawdigits\20260920\07\0_main_dig4_20260920-070128.jpg,0,day,88.1,filename reading 00000; file 07/0_main_dig4_20260920-070128.jpg,,
sample,20260920-070128_dig5,20260920-070128,5,C:\Users\josep\source\repos\AIOTED-digital-rawdigits\20260920\07\0_main_dig5_20260920-070128.jpg,0,day,73.2,filename reading 00000; file 07/0_main_dig5_20260920-070128.jpg,,
sample,20260920-070128_dig6,20260920-070128,6,C:\Users\josep\source\repos\AIOTED-digital-rawdigits\20260920\07\0_main_dig6_20260920-070128.jpg,0,day,63.9,filename reading 00000; file 07/0_main_dig6_20260920-070128.jpg,,
sample,20260920-074128_dig2,20260920-074128,2,C:\Users\josep\source\repos\AIOTED-digital-rawdigits\20260920\07\0_main_dig2_20260920-074128.jpg,0,day,101.4,filename reading 00000; file 07/0_main_dig2_20260920-074128.jpg,,
sample,20260920-074128_dig3,20260920-074128,3,C:\Users\josep\source\repos\AIOTED-digital-rawdigits\20260920\07\0_main_dig3_20260920-074128.jpg,0,day,99.0,filename reading 00000; file 07/0_main_dig3_20260920-074128.jpg,,
sample,20260920-074128_dig4,20260920-074128,4,C:\Users\josep\source\repos\AIOTED-digital-rawdigits\20260920\07\0_main_dig4_20260920-074128.jpg,0,day,96.8,filename reading 00000; file 07/0_main_dig4_20260920-074128.jpg,,
sample,20260920-074128_dig5,20260920-074128,5,C:\Users\josep\source\repos\AIOTED-digital-rawdigits\20260920\07\0_main_dig5_20260920-074128.jpg,0,day,88.7,filename reading 00000; file 07/0_main_dig5_20260920-074128.jpg,,
sample,20260920-074128_dig6,20260920-074128,6,C:\Users\josep\source\repos\AIOTED-digital-rawdigits\20260920\07\0_main_dig6_20260920-074128.jpg,0,day,90.6,filename reading 00000; file 07/0_main_dig6_20260920-074128.jpg,,
sample,20260920-080928_dig2,20260920-080928,2,C:\Users\josep\source\repos\AIOTED-digital-rawdigits\20260920\08\5_main_dig2_20260920-080928.jpg,5,day,112.3,filename reading 59198; file 08/5_main_dig2_20260920-080928.jpg,,
sample,20260920-080928_dig3,20260920-080928,3,C:\Users\josep\source\repos\AIOTED-digital-rawdigits\20260920\08\9_main_dig3_20260920-080928.jpg,9,day,109.3,filename reading 59198; file 08/9_main_dig3_20260920-080928.jpg,,
sample,20260920-080928_dig4,20260920-080928,4,C:\Users\josep\source\repos\AIOTED-digital-rawdigits\20260920\08\1_main_dig4_20260920-080928.jpg,1,day,111.5,filename reading 59198; file 08/1_main_dig4_20260920-080928.jpg,,
sample,20260920-080928_dig5,20260920-080928,5,C:\Users\josep\source\repos\AIOTED-digital-rawdigits\20260920\08\9_main_dig5_20260920-080928.jpg,9,day,105.6,filename reading 59198; file 08/9_main_dig5_20260920-080928.jpg,drift,
sample,20260920-080928_dig6,20260920-080928,6,C:\Users\josep\source\repos\AIOTED-digital-rawdigits\20260920\08\8_main_dig6_20260920-080928.jpg,8,day,113.3,filename reading 59198; file 08/8_main_dig6_20260920-080928.jpg,,
sample,20260920-084528_dig2,20260920-084528,2,C:\Users\josep\source\repos\AIOTED-digital-rawdigits\20260920\08\8_main_dig2_20260920-084528.jpg,8,day,108.9,filename reading 88888; file 08/8_main_dig2_20260920-084528.jpg,,
sample,20260920-084528_dig3,20260920-084528,3,C:\Users\josep\source\repos\AIOTED-digital-rawdigits\20260920\08\8_main_dig3_20260920-084528.jpg,8,day,105.7,filename reading 88888; file 08/8_main_dig3_20260920-084528.jpg,,
sample,20260920-084528_dig4,20260920-084528,4,C:\Users\josep\source\repos\AIOTED-digital-rawdigits\20260920\08\8_main_dig4_20260920-084528.jpg,8,day,105.3,filename reading 88888; file 08/8_main_dig4_20260920-084528.jpg,,
sample,20260920-084528_dig5,20260920-084528,5,C:\Users\josep\source\repos\AIOTED-digital-rawdigits\20260920\08\8_main_dig5_20260920-084528.jpg,8,day,102.4,filename reading 88888; file 08/8_main_dig5_20260920-084528.jpg,,
sample,20260920-084528_dig6,20260920-084528,6,C:\Users\josep\source\repos\AIOTED-digital-rawdigits\20260920\08\8_main_dig6_20260920-084528.jpg,8,day,112.2,filename reading 88888; file 08/8_main_dig6_20260920-084528.jpg,,
sample,20260920-094128_dig2,20260920-094128,2,C:\Users\josep\source\repos\AIOTED-digital-rawdigits\20260920\09\0_main_dig2_20260920-094128.jpg,0,day,122.4,filename reading 00000; file 09/0_main_dig2_20260920-094128.jpg,,
sample,20260920-094128_dig3,20260920-094128,3,C:\Users\josep\source\repos\AIOTED-digital-rawdigits\20260920\09\0_main_dig3_20260920-094128.jpg,0,day,117.8,filename reading 00000; file 09/0_main_dig3_20260920-094128.jpg,,
sample,20260920-094128_dig4,20260920-094128,4,C:\Users\josep\source\repos\AIOTED-digital-rawdigits\20260920\09\0_main_dig4_20260920-094128.jpg,0,day,120.6,filename reading 00000; file 09/0_main_dig4_20260920-094128.jpg,,
sample,20260920-094128_dig5,20260920-094128,5,C:\Users\josep\source\repos\AIOTED-digital-rawdigits\20260920\09\0_main_dig5_20260920-094128.jpg,0,day,124.6,filename reading 00000; file 09/0_main_dig5_20260920-094128.jpg,,
sample,20260920-094128_dig6,20260920-094128,6,C:\Users\josep\source\repos\AIOTED-digital-rawdigits\20260920\09\0_main_dig6_20260920-094128.jpg,0,day,144.2,filename reading 00000; file 09/0_main_dig6_20260920-094128.jpg,,
sample,20260920-105328_dig2,20260920-105328,2,C:\Users\josep\source\repos\AIOTED-digital-rawdigits\20260920\10\10_main_dig2_20260920-105328.jpg,N,day,158.2,filename reading NNN08; file 10/10_main_dig2_20260920-105328.jpg,,
sample,20260920-105328_dig3,20260920-105328,3,C:\Users\josep\source\repos\AIOTED-digital-rawdigits\20260920\10\10_main_dig3_20260920-105328.jpg,N,day,150.4,filename reading NNN08; file 10/10_main_dig3_20260920-105328.jpg,,
sample,20260920-105328_dig4,20260920-105328,4,C:\Users\josep\source\repos\AIOTED-digital-rawdigits\20260920\10\10_main_dig4_20260920-105328.jpg,N,day,157.6,filename reading NNN08; file 10/10_main_dig4_20260920-105328.jpg,,
sample,20260920-105328_dig5,20260920-105328,5,C:\Users\josep\source\repos\AIOTED-digital-rawdigits\20260920\10\0_main_dig5_20260920-105328.jpg,0,day,161.3,filename reading NNN08; file 10/0_main_dig5_20260920-105328.jpg,,
sample,20260920-105328_dig6,20260920-105328,6,C:\Users\josep\source\repos\AIOTED-digital-rawdigits\20260920\10\8_main_dig6_20260920-105328.jpg,8,day,190.4,filename reading NNN08; file 10/8_main_dig6_20260920-105328.jpg,,
sample,20260920-110528_dig2,20260920-110528,2,C:\Users\josep\source\repos\AIOTED-digital-rawdigits\20260920\11\8_main_dig2_20260920-110528.jpg,8,day,152.0,filename reading 88888; file 11/8_main_dig2_20260920-110528.jpg,,
sample,20260920-110528_dig3,20260920-110528,3,C:\Users\josep\source\repos\AIOTED-digital-rawdigits\20260920\11\8_main_dig3_20260920-110528.jpg,8,day,144.4,filename reading 88888; file 11/8_main_dig3_20260920-110528.jpg,,
sample,20260920-110528_dig4,20260920-110528,4,C:\Users\josep\source\repos\AIOTED-digital-rawdigits\20260920\11\8_main_dig4_20260920-110528.jpg,8,day,151.6,filename reading 88888; file 11/8_main_dig4_20260920-110528.jpg,,
sample,20260920-110528_dig5,20260920-110528,5,C:\Users\josep\source\repos\AIOTED-digital-rawdigits\20260920\11\8_main_dig5_20260920-110528.jpg,8,day,163.1,filename reading 88888; file 11/8_main_dig5_20260920-110528.jpg,,
sample,20260920-110528_dig6,20260920-110528,6,C:\Users\josep\source\repos\AIOTED-digital-rawdigits\20260920\11\8_main_dig6_20260920-110528.jpg,8,day,190.9,filename reading 88888; file 11/8_main_dig6_20260920-110528.jpg,,
sample,20260920-112927_dig2,20260920-112927,2,C:\Users\josep\source\repos\AIOTED-digital-rawdigits\20260920\11\5_main_dig2_20260920-112927.jpg,5,day,146.4,filename reading 59201; file 11/5_main_dig2_20260920-112927.jpg,,
sample,20260920-112927_dig3,20260920-112927,3,C:\Users\josep\source\repos\AIOTED-digital-rawdigits\20260920\11\9_main_dig3_20260920-112927.jpg,9,day,138.1,filename reading 59201; file 11/9_main_dig3_20260920-112927.jpg,,
sample,20260920-112927_dig4,20260920-112927,4,C:\Users\josep\source\repos\AIOTED-digital-rawdigits\20260920\11\2_main_dig4_20260920-112927.jpg,2,day,147.2,filename reading 59201; file 11/2_main_dig4_20260920-112927.jpg,,
sample,20260920-112927_dig5,20260920-112927,5,C:\Users\josep\source\repos\AIOTED-digital-rawdigits\20260920\11\0_main_dig5_20260920-112927.jpg,0,day,157.0,filename reading 59201; file 11/0_main_dig5_20260920-112927.jpg,,
sample,20260920-112927_dig6,20260920-112927,6,C:\Users\josep\source\repos\AIOTED-digital-rawdigits\20260920\11\1_main_dig6_20260920-112927.jpg,1,day,187.0,filename reading 59201; file 11/1_main_dig6_20260920-112927.jpg,,
sample,20260920-115327_dig2,20260920-115327,2,C:\Users\josep\source\repos\AIOTED-digital-rawdigits\20260920\11\10_main_dig2_20260920-115327.jpg,N,day,156.9,filename reading NNN08; file 11/10_main_dig2_20260920-115327.jpg,drift,
sample,20260920-115327_dig3,20260920-115327,3,C:\Users\josep\source\repos\AIOTED-digital-rawdigits\20260920\11\10_main_dig3_20260920-115327.jpg,N,day,147.9,filename reading NNN08; file 11/10_main_dig3_20260920-115327.jpg,,
sample,20260920-115327_dig4,20260920-115327,4,C:\Users\josep\source\repos\AIOTED-digital-rawdigits\20260920\11\10_main_dig4_20260920-115327.jpg,N,day,155.9,filename reading NNN08; file 11/10_main_dig4_20260920-115327.jpg,,
sample,20260920-115327_dig5,20260920-115327,5,C:\Users\josep\source\repos\AIOTED-digital-rawdigits\20260920\11\0_main_dig5_20260920-115327.jpg,0,day,160.9,filename reading NNN08; file 11/0_main_dig5_20260920-115327.jpg,,
sample,20260920-115327_dig6,20260920-115327,6,C:\Users\josep\source\repos\AIOTED-digital-rawdigits\20260920\11\8_main_dig6_20260920-115327.jpg,8,day,185.0,filename reading NNN08; file 11/8_main_dig6_20260920-115327.jpg,,
sample,20260920-121327_dig2,20260920-121327,2,C:\Users\josep\source\repos\AIOTED-digital-rawdigits\20260920\12\10_main_dig2_20260920-121327.jpg,N,day,162.1,filename reading NNN08; file 12/10_main_dig2_20260920-121327.jpg,,
sample,20260920-121327_dig3,20260920-121327,3,C:\Users\josep\source\repos\AIOTED-digital-rawdigits\20260920\12\10_main_dig3_20260920-121327.jpg,N,day,151.5,filename reading NNN08; file 12/10_main_dig3_20260920-121327.jpg,,
sample,20260920-121327_dig4,20260920-121327,4,C:\Users\josep\source\repos\AIOTED-digital-rawdigits\20260920\12\10_main_dig4_20260920-121327.jpg,N,day,158.0,filename reading NNN08; file 12/10_main_dig4_20260920-121327.jpg,,
sample,20260920-121327_dig5,20260920-121327,5,C:\Users\josep\source\repos\AIOTED-digital-rawdigits\20260920\12\0_main_dig5_20260920-121327.jpg,0,day,160.7,filename reading NNN08; file 12/0_main_dig5_20260920-121327.jpg,,
sample,20260920-121327_dig6,20260920-121327,6,C:\Users\josep\source\repos\AIOTED-digital-rawdigits\20260920\12\8_main_dig6_20260920-121327.jpg,8,day,183.8,filename reading NNN08; file 12/8_main_dig6_20260920-121327.jpg,,
sample,20260920-124927_dig2,20260920-124927,2,C:\Users\josep\source\repos\AIOTED-digital-rawdigits\20260920\12\5_main_dig2_20260920-124927.jpg,5,day,154.6,filename reading 59202; file 12/5_main_dig2_20260920-124927.jpg,,
sample,20260920-124927_dig3,20260920-124927,3,C:\Users\josep\source\repos\AIOTED-digital-rawdigits\20260920\12\9_main_dig3_20260920-124927.jpg,9,day,141.3,filename reading 59202; file 12/9_main_dig3_20260920-124927.jpg,drift,
sample,20260920-124927_dig4,20260920-124927,4,C:\Users\josep\source\repos\AIOTED-digital-rawdigits\20260920\12\2_main_dig4_20260920-124927.jpg,2,day,147.3,filename reading 59202; file 12/2_main_dig4_20260920-124927.jpg,,
sample,20260920-124927_dig5,20260920-124927,5,C:\Users\josep\source\repos\AIOTED-digital-rawdigits\20260920\12\0_main_dig5_20260920-124927.jpg,0,day,153.8,filename reading 59202; file 12/0_main_dig5_20260920-124927.jpg,drift,
sample,20260920-124927_dig6,20260920-124927,6,C:\Users\josep\source\repos\AIOTED-digital-rawdigits\20260920\12\2_main_dig6_20260920-124927.jpg,2,day,176.5,filename reading 59202; file 12/2_main_dig6_20260920-124927.jpg,drift,
sample,20260920-132927_dig2,20260920-132927,2,C:\Users\josep\source\repos\AIOTED-digital-rawdigits\20260920\13\5_main_dig2_20260920-132927.jpg,5,day,156.5,filename reading 59203; file 13/5_main_dig2_20260920-132927.jpg,,
sample,20260920-132927_dig3,20260920-132927,3,C:\Users\josep\source\repos\AIOTED-digital-rawdigits\20260920\13\9_main_dig3_20260920-132927.jpg,9,day,141.4,filename reading 59203; file 13/9_main_dig3_20260920-132927.jpg,,
sample,20260920-132927_dig4,20260920-132927,4,C:\Users\josep\source\repos\AIOTED-digital-rawdigits\20260920\13\2_main_dig4_20260920-132927.jpg,2,day,144.5,filename reading 59203; file 13/2_main_dig4_20260920-132927.jpg,,
sample,20260920-132927_dig5,20260920-132927,5,C:\Users\josep\source\repos\AIOTED-digital-rawdigits\20260920\13\0_main_dig5_20260920-132927.jpg,0,day,148.6,filename reading 59203; file 13/0_main_dig5_20260920-132927.jpg,,
sample,20260920-132927_dig6,20260920-132927,6,C:\Users\josep\source\repos\AIOTED-digital-rawdigits\20260920\13\3_main_dig6_20260920-132927.jpg,3,day,165.9,filename reading 59203; file 13/3_main_dig6_20260920-132927.jpg,,
sample,20260920-134927_dig2,20260920-134927,2,C:\Users\josep\source\repos\AIOTED-digital-rawdigits\20260920\13\5_main_dig2_20260920-134927.jpg,5,day,136.3,filename reading 59203; file 13/5_main_dig2_20260920-134927.jpg,,
sample,20260920-134927_dig3,20260920-134927,3,C:\Users\josep\source\repos\AIOTED-digital-rawdigits\20260920\13\9_main_dig3_20260920-134927.jpg,9,day,127.3,filename reading 59203; file 13/9_main_dig3_20260920-134927.jpg,,
sample,20260920-134927_dig4,20260920-134927,4,C:\Users\josep\source\repos\AIOTED-digital-rawdigits\20260920\13\2_main_dig4_20260920-134927.jpg,2,day,131.4,filename reading 59203; file 13/2_main_dig4_20260920-134927.jpg,,
sample,20260920-134927_dig5,20260920-134927,5,C:\Users\josep\source\repos\AIOTED-digital-rawdigits\20260920\13\0_main_dig5_20260920-134927.jpg,0,day,135.8,filename reading 59203; file 13/0_main_dig5_20260920-134927.jpg,,
sample,20260920-134927_dig6,20260920-134927,6,C:\Users\josep\source\repos\AIOTED-digital-rawdigits\20260920\13\3_main_dig6_20260920-134927.jpg,3,day,159.3,filename reading 59203; file 13/3_main_dig6_20260920-134927.jpg,,
sample,20260920-140127_dig2,20260920-140127,2,C:\Users\josep\source\repos\AIOTED-digital-rawdigits\20260920\14\0_main_dig2_20260920-140127.jpg,0,day,116.1,filename reading 00000; file 14/0_main_dig2_20260920-140127.jpg,,
sample,20260920-140127_dig3,20260920-140127,3,C:\Users\josep\source\repos\AIOTED-digital-rawdigits\20260920\14\0_main_dig3_20260920-140127.jpg,0,day,111.2,filename reading 00000; file 14/0_main_dig3_20260920-140127.jpg,,
sample,20260920-140127_dig4,20260920-140127,4,C:\Users\josep\source\repos\AIOTED-digital-rawdigits\20260920\14\0_main_dig4_20260920-140127.jpg,0,day,112.1,filename reading 00000; file 14/0_main_dig4_20260920-140127.jpg,,
sample,20260920-140127_dig5,20260920-140127,5,C:\Users\josep\source\repos\AIOTED-digital-rawdigits\20260920\14\0_main_dig5_20260920-140127.jpg,0,day,112.5,filename reading 00000; file 14/0_main_dig5_20260920-140127.jpg,,
sample,20260920-140127_dig6,20260920-140127,6,C:\Users\josep\source\repos\AIOTED-digital-rawdigits\20260920\14\0_main_dig6_20260920-140127.jpg,0,day,127.1,filename reading 00000; file 14/0_main_dig6_20260920-140127.jpg,,
sample,20260920-153727_dig2,20260920-153727,2,C:\Users\josep\source\repos\AIOTED-digital-rawdigits\20260920\15\5_main_dig2_20260920-153727.jpg,5,day,109.2,filename reading 59206; file 15/5_main_dig2_20260920-153727.jpg,,
sample,20260920-153727_dig3,20260920-153727,3,C:\Users\josep\source\repos\AIOTED-digital-rawdigits\20260920\15\9_main_dig3_20260920-153727.jpg,9,day,105.1,filename reading 59206; file 15/9_main_dig3_20260920-153727.jpg,,
sample,20260920-153727_dig4,20260920-153727,4,C:\Users\josep\source\repos\AIOTED-digital-rawdigits\20260920\15\2_main_dig4_20260920-153727.jpg,2,day,105.7,filename reading 59206; file 15/2_main_dig4_20260920-153727.jpg,,
sample,20260920-153727_dig5,20260920-153727,5,C:\Users\josep\source\repos\AIOTED-digital-rawdigits\20260920\15\0_main_dig5_20260920-153727.jpg,0,day,97.7,filename reading 59206; file 15/0_main_dig5_20260920-153727.jpg,,
sample,20260920-153727_dig6,20260920-153727,6,C:\Users\josep\source\repos\AIOTED-digital-rawdigits\20260920\15\6_main_dig6_20260920-153727.jpg,6,day,105.9,filename reading 59206; file 15/6_main_dig6_20260920-153727.jpg,,
sample,20260920-162127_dig2,20260920-162127,2,C:\Users\josep\source\repos\AIOTED-digital-rawdigits\20260920\16\10_main_dig2_20260920-162127.jpg,N,day,112.5,filename reading NNN08; file 16/10_main_dig2_20260920-162127.jpg,,
sample,20260920-162127_dig3,20260920-162127,3,C:\Users\josep\source\repos\AIOTED-digital-rawdigits\20260920\16\10_main_dig3_20260920-162127.jpg,N,day,108.3,filename reading NNN08; file 16/10_main_dig3_20260920-162127.jpg,,
sample,20260920-162127_dig4,20260920-162127,4,C:\Users\josep\source\repos\AIOTED-digital-rawdigits\20260920\16\10_main_dig4_20260920-162127.jpg,N,day,108.7,filename reading NNN08; file 16/10_main_dig4_20260920-162127.jpg,,
sample,20260920-162127_dig5,20260920-162127,5,C:\Users\josep\source\repos\AIOTED-digital-rawdigits\20260920\16\0_main_dig5_20260920-162127.jpg,0,day,97.0,filename reading NNN08; file 16/0_main_dig5_20260920-162127.jpg,,
sample,20260920-162127_dig6,20260920-162127,6,C:\Users\josep\source\repos\AIOTED-digital-rawdigits\20260920\16\8_main_dig6_20260920-162127.jpg,8,day,103.2,filename reading NNN08; file 16/8_main_dig6_20260920-162127.jpg,,
sample,20260920-170527_dig2,20260920-170527,2,C:\Users\josep\source\repos\AIOTED-digital-rawdigits\20260920\17\5_main_dig2_20260920-170527.jpg,5,day,106.0,filename reading 58207; file 17/5_main_dig2_20260920-170527.jpg,,
sample,20260920-170527_dig3,20260920-170527,3,C:\Users\josep\source\repos\AIOTED-digital-rawdigits\20260920\17\8_main_dig3_20260920-170527.jpg,8,day,102.9,filename reading 58207; file 17/8_main_dig3_20260920-170527.jpg,,
sample,20260920-170527_dig4,20260920-170527,4,C:\Users\josep\source\repos\AIOTED-digital-rawdigits\20260920\17\2_main_dig4_20260920-170527.jpg,2,day,102.4,filename reading 58207; file 17/2_main_dig4_20260920-170527.jpg,drift,
sample,20260920-170527_dig5,20260920-170527,5,C:\Users\josep\source\repos\AIOTED-digital-rawdigits\20260920\17\0_main_dig5_20260920-170527.jpg,0,day,93.7,filename reading 58207; file 17/0_main_dig5_20260920-170527.jpg,,
sample,20260920-170527_dig6,20260920-170527,6,C:\Users\josep\source\repos\AIOTED-digital-rawdigits\20260920\17\7_main_dig6_20260920-170527.jpg,7,day,98.9,filename reading 58207; file 17/7_main_dig6_20260920-170527.jpg,,
sample,20260920-172127_dig2,20260920-172127,2,C:\Users\josep\source\repos\AIOTED-digital-rawdigits\20260920\17\10_main_dig2_20260920-172127.jpg,N,day,107.8,filename reading NNN08; file 17/10_main_dig2_20260920-172127.jpg,,
sample,20260920-172127_dig3,20260920-172127,3,C:\Users\josep\source\repos\AIOTED-digital-rawdigits\20260920\17\10_main_dig3_20260920-172127.jpg,N,day,104.2,filename reading NNN08; file 17/10_main_dig3_20260920-172127.jpg,,
sample,20260920-172127_dig4,20260920-172127,4,C:\Users\josep\source\repos\AIOTED-digital-rawdigits\20260920\17\10_main_dig4_20260920-172127.jpg,N,day,103.6,filename reading NNN08; file 17/10_main_dig4_20260920-172127.jpg,,
sample,20260920-172127_dig5,20260920-172127,5,C:\Users\josep\source\repos\AIOTED-digital-rawdigits\20260920\17\0_main_dig5_20260920-172127.jpg,0,day,88.2,filename reading NNN08; file 17/0_main_dig5_20260920-172127.jpg,,
sample,20260920-172127_dig6,20260920-172127,6,C:\Users\josep\source\repos\AIOTED-digital-rawdigits\20260920\17\8_main_dig6_20260920-172127.jpg,8,day,88.7,filename reading NNN08; file 17/8_main_dig6_20260920-172127.jpg,,
sample,20260920-173327_dig2,20260920-173327,2,C:\Users\josep\source\repos\AIOTED-digital-rawdigits\20260920\17\8_main_dig2_20260920-173327.jpg,8,day,105.0,filename reading 88888; file 17/8_main_dig2_20260920-173327.jpg,,
sample,20260920-173327_dig3,20260920-173327,3,C:\Users\josep\source\repos\AIOTED-digital-rawdigits\20260920\17\8_main_dig3_20260920-173327.jpg,8,day,101.6,filename reading 88888; file 17/8_main_dig3_20260920-173327.jpg,,
sample,20260920-173327_dig4,20260920-173327,4,C:\Users\josep\source\repos\AIOTED-digital-rawdigits\20260920\17\8_main_dig4_20260920-173327.jpg,8,day,99.3,filename reading 88888; file 17/8_main_dig4_20260920-173327.jpg,,
sample,20260920-173327_dig5,20260920-173327,5,C:\Users\josep\source\repos\AIOTED-digital-rawdigits\20260920\17\8_main_dig5_20260920-173327.jpg,8,day,92.6,filename reading 88888; file 17/8_main_dig5_20260920-173327.jpg,,
sample,20260920-173327_dig6,20260920-173327,6,C:\Users\josep\source\repos\AIOTED-digital-rawdigits\20260920\17\8_main_dig6_20260920-173327.jpg,8,day,95.8,filename reading 88888; file 17/8_main_dig6_20260920-173327.jpg,,
sample,20260920-180927_dig2,20260920-180927,2,C:\Users\josep\source\repos\AIOTED-digital-rawdigits\20260920\18\0_main_dig2_20260920-180927.jpg,0,day,98.6,filename reading 00000; file 18/0_main_dig2_20260920-180927.jpg,,
sample,20260920-180927_dig3,20260920-180927,3,C:\Users\josep\source\repos\AIOTED-digital-rawdigits\20260920\18\0_main_dig3_20260920-180927.jpg,0,day,96.3,filename reading 00000; file 18/0_main_dig3_20260920-180927.jpg,,
sample,20260920-180927_dig4,20260920-180927,4,C:\Users\josep\source\repos\AIOTED-digital-rawdigits\20260920\18\0_main_dig4_20260920-180927.jpg,0,day,93.5,filename reading 00000; file 18/0_main_dig4_20260920-180927.jpg,,
sample,20260920-180927_dig5,20260920-180927,5,C:\Users\josep\source\repos\AIOTED-digital-rawdigits\20260920\18\0_main_dig5_20260920-180927.jpg,0,day,83.1,filename reading 00000; file 18/0_main_dig5_20260920-180927.jpg,drift,
sample,20260920-180927_dig6,20260920-180927,6,C:\Users\josep\source\repos\AIOTED-digital-rawdigits\20260920\18\0_main_dig6_20260920-180927.jpg,0,day,80.7,filename reading 00000; file 18/0_main_dig6_20260920-180927.jpg,,
sample,20260920-181327_dig2,20260920-181327,2,C:\Users\josep\source\repos\AIOTED-digital-rawdigits\20260920\18\8_main_dig2_20260920-181327.jpg,8,day,97.2,filename reading 88808; file 18/8_main_dig2_20260920-181327.jpg,,
sample,20260920-181327_dig3,20260920-181327,3,C:\Users\josep\source\repos\AIOTED-digital-rawdigits\20260920\18\8_main_dig3_20260920-181327.jpg,8,day,95.1,filename reading 88808; file 18/8_main_dig3_20260920-181327.jpg,,
sample,20260920-181327_dig4,20260920-181327,4,C:\Users\josep\source\repos\AIOTED-digital-rawdigits\20260920\18\8_main_dig4_20260920-181327.jpg,8,day,91.8,filename reading 88808; file 18/8_main_dig4_20260920-181327.jpg,,
sample,20260920-181327_dig5,20260920-181327,5,C:\Users\josep\source\repos\AIOTED-digital-rawdigits\20260920\18\0_main_dig5_20260920-181327.jpg,0,day,81.2,filename reading 88808; file 18/0_main_dig5_20260920-181327.jpg,,
sample,20260920-181327_dig6,20260920-181327,6,C:\Users\josep\source\repos\AIOTED-digital-rawdigits\20260920\18\8_main_dig6_20260920-181327.jpg,8,day,78.2,filename reading 88808; file 18/8_main_dig6_20260920-181327.jpg,,
sample,20260920-193727_dig2,20260920-193727,2,C:\Users\josep\source\repos\AIOTED-digital-rawdigits\20260920\19\5_main_dig2_20260920-193727.jpg,5,transition,92.9,filename reading 58210; file 19/5_main_dig2_20260920-193727.jpg,,
sample,20260920-193727_dig3,20260920-193727,3,C:\Users\josep\source\repos\AIOTED-digital-rawdigits\20260920\19\8_main_dig3_20260920-193727.jpg,8,transition,91.9,filename reading 58210; file 19/8_main_dig3_20260920-193727.jpg,,
sample,20260920-193727_dig4,20260920-193727,4,C:\Users\josep\source\repos\AIOTED-digital-rawdigits\20260920\19\2_main_dig4_20260920-193727.jpg,2,transition,89.2,filename reading 58210; file 19/2_main_dig4_20260920-193727.jpg,,
sample,20260920-193727_dig5,20260920-193727,5,C:\Users\josep\source\repos\AIOTED-digital-rawdigits\20260920\19\1_main_dig5_20260920-193727.jpg,1,transition,70.9,filename reading 58210; file 19/1_main_dig5_20260920-193727.jpg,,
sample,20260920-193727_dig6,20260920-193727,6,C:\Users\josep\source\repos\AIOTED-digital-rawdigits\20260920\19\0_main_dig6_20260920-193727.jpg,0,transition,51.1,filename reading 58210; file 19/0_main_dig6_20260920-193727.jpg,drift,
sample,20260920-194927_dig2,20260920-194927,2,C:\Users\josep\source\repos\AIOTED-digital-rawdigits\20260920\19\0_main_dig2_20260920-194927.jpg,0,transition,90.8,filename reading 08000; file 19/0_main_dig2_20260920-194927.jpg,,
sample,20260920-194927_dig3,20260920-194927,3,C:\Users\josep\source\repos\AIOTED-digital-rawdigits\20260920\19\8_main_dig3_20260920-194927.jpg,8,transition,90.2,filename reading 08000; file 19/8_main_dig3_20260920-194927.jpg,,
sample,20260920-194927_dig4,20260920-194927,4,C:\Users\josep\source\repos\AIOTED-digital-rawdigits\20260920\19\0_main_dig4_20260920-194927.jpg,0,transition,85.1,filename reading 08000; file 19/0_main_dig4_20260920-194927.jpg,drift,
sample,20260920-194927_dig5,20260920-194927,5,C:\Users\josep\source\repos\AIOTED-digital-rawdigits\20260920\19\0_main_dig5_20260920-194927.jpg,0,transition,67.5,filename reading 08000; file 19/0_main_dig5_20260920-194927.jpg,,
sample,20260920-194927_dig6,20260920-194927,6,C:\Users\josep\source\repos\AIOTED-digital-rawdigits\20260920\19\0_main_dig6_20260920-194927.jpg,0,transition,50.5,filename reading 08000; file 19/0_main_dig6_20260920-194927.jpg,,
sample,20260920-200127_dig2,20260920-200127,2,C:\Users\josep\source\repos\AIOTED-digital-rawdigits\20260920\20\10_main_dig2_20260920-200127.jpg,N,flash,96.5,filename reading NNN09; file 20/10_main_dig2_20260920-200127.jpg,,
sample,20260920-200127_dig3,20260920-200127,3,C:\Users\josep\source\repos\AIOTED-digital-rawdigits\20260920\20\10_main_dig3_20260920-200127.jpg,N,flash,94.9,filename reading NNN09; file 20/10_main_dig3_20260920-200127.jpg,,
sample,20260920-200127_dig4,20260920-200127,4,C:\Users\josep\source\repos\AIOTED-digital-rawdigits\20260920\20\10_main_dig4_20260920-200127.jpg,N,flash,92.2,filename reading NNN09; file 20/10_main_dig4_20260920-200127.jpg,,
sample,20260920-200127_dig5,20260920-200127,5,C:\Users\josep\source\repos\AIOTED-digital-rawdigits\20260920\20\0_main_dig5_20260920-200127.jpg,0,flash,68.3,filename reading NNN09; file 20/0_main_dig5_20260920-200127.jpg,,
sample,20260920-200127_dig6,20260920-200127,6,C:\Users\josep\source\repos\AIOTED-digital-rawdigits\20260920\20\9_main_dig6_20260920-200127.jpg,9,flash,51.0,filename reading NNN09; file 20/9_main_dig6_20260920-200127.jpg,,
sample,20260920-200527_dig2,20260920-200527,2,C:\Users\josep\source\repos\AIOTED-digital-rawdigits\20260920\20\5_main_dig2_20260920-200527.jpg,5,flash,92.8,filename reading 58210; file 20/5_main_dig2_20260920-200527.jpg,,
sample,20260920-200527_dig3,20260920-200527,3,C:\Users\josep\source\repos\AIOTED-digital-rawdigits\20260920\20\8_main_dig3_20260920-200527.jpg,8,flash,91.9,filename reading 58210; file 20/8_main_dig3_20260920-200527.jpg,,
sample,20260920-200527_dig4,20260920-200527,4,C:\Users\josep\source\repos\AIOTED-digital-rawdigits\20260920\20\2_main_dig4_20260920-200527.jpg,2,flash,89.2,filename reading 58210; file 20/2_main_dig4_20260920-200527.jpg,,
sample,20260920-200527_dig5,20260920-200527,5,C:\Users\josep\source\repos\AIOTED-digital-rawdigits\20260920\20\1_main_dig5_20260920-200527.jpg,1,flash,70.9,filename reading 58210; file 20/1_main_dig5_20260920-200527.jpg,,
sample,20260920-200527_dig6,20260920-200527,6,C:\Users\josep\source\repos\AIOTED-digital-rawdigits\20260920\20\0_main_dig6_20260920-200527.jpg,0,flash,51.0,filename reading 58210; file 20/0_main_dig6_20260920-200527.jpg,,
sample,20260920-204127_dig2,20260920-204127,2,C:\Users\josep\source\repos\AIOTED-digital-rawdigits\20260920\20\8_main_dig2_20260920-204127.jpg,8,flash,90.1,filename reading 88808; file 20/8_main_dig2_20260920-204127.jpg,,
sample,20260920-204127_dig3,20260920-204127,3,C:\Users\josep\source\repos\AIOTED-digital-rawdigits\20260920\20\8_main_dig3_20260920-204127.jpg,8,flash,89.6,filename reading 88808; file 20/8_main_dig3_20260920-204127.jpg,,
sample,20260920-204127_dig4,20260920-204127,4,C:\Users\josep\source\repos\AIOTED-digital-rawdigits\20260920\20\8_main_dig4_20260920-204127.jpg,8,flash,84.2,filename reading 88808; file 20/8_main_dig4_20260920-204127.jpg,,
sample,20260920-204127_dig5,20260920-204127,5,C:\Users\josep\source\repos\AIOTED-digital-rawdigits\20260920\20\0_main_dig5_20260920-204127.jpg,0,flash,66.9,filename reading 88808; file 20/0_main_dig5_20260920-204127.jpg,,
sample,20260920-204127_dig6,20260920-204127,6,C:\Users\josep\source\repos\AIOTED-digital-rawdigits\20260920\20\8_main_dig6_20260920-204127.jpg,8,flash,50.1,filename reading 88808; file 20/8_main_dig6_20260920-204127.jpg,,
sample,20260920-210527_dig2,20260920-210527,2,C:\Users\josep\source\repos\AIOTED-digital-rawdigits\20260920\21\5_main_dig2_20260920-210527.jpg,5,flash,92.6,filename reading 58212; file 21/5_main_dig2_20260920-210527.jpg,,
sample,20260920-210527_dig3,20260920-210527,3,C:\Users\josep\source\repos\AIOTED-digital-rawdigits\20260920\21\8_main_dig3_20260920-210527.jpg,8,flash,91.6,filename reading 58212; file 21/8_main_dig3_20260920-210527.jpg,,
sample,20260920-210527_dig4,20260920-210527,4,C:\Users\josep\source\repos\AIOTED-digital-rawdigits\20260920\21\2_main_dig4_20260920-210527.jpg,2,flash,88.7,filename reading 58212; file 21/2_main_dig4_20260920-210527.jpg,,
sample,20260920-210527_dig5,20260920-210527,5,C:\Users\josep\source\repos\AIOTED-digital-rawdigits\20260920\21\1_main_dig5_20260920-210527.jpg,1,flash,70.6,filename reading 58212; file 21/1_main_dig5_20260920-210527.jpg,,
sample,20260920-210527_dig6,20260920-210527,6,C:\Users\josep\source\repos\AIOTED-digital-rawdigits\20260920\21\2_main_dig6_20260920-210527.jpg,2,flash,51.4,filename reading 58212; file 21/2_main_dig6_20260920-210527.jpg,,
sample,20260920-221327_dig2,20260920-221327,2,C:\Users\josep\source\repos\AIOTED-digital-rawdigits\20260920\22\5_main_dig2_20260920-221327.jpg,5,flash,92.2,filename reading 59212; file 22/5_main_dig2_20260920-221327.jpg,,
sample,20260920-221327_dig3,20260920-221327,3,C:\Users\josep\source\repos\AIOTED-digital-rawdigits\20260920\22\9_main_dig3_20260920-221327.jpg,9,flash,91.8,filename reading 59212; file 22/9_main_dig3_20260920-221327.jpg,,
sample,20260920-221327_dig4,20260920-221327,4,C:\Users\josep\source\repos\AIOTED-digital-rawdigits\20260920\22\2_main_dig4_20260920-221327.jpg,2,flash,88.7,filename reading 59212; file 22/2_main_dig4_20260920-221327.jpg,,
sample,20260920-221327_dig5,20260920-221327,5,C:\Users\josep\source\repos\AIOTED-digital-rawdigits\20260920\22\1_main_dig5_20260920-221327.jpg,1,flash,70.2,filename reading 59212; file 22/1_main_dig5_20260920-221327.jpg,,
sample,20260920-221327_dig6,20260920-221327,6,C:\Users\josep\source\repos\AIOTED-digital-rawdigits\20260920\22\2_main_dig6_20260920-221327.jpg,2,flash,48.6,filename reading 59212; file 22/2_main_dig6_20260920-221327.jpg,,
sample,20260920-221727_dig2,20260920-221727,2,C:\Users\josep\source\repos\AIOTED-digital-rawdigits\20260920\22\5_main_dig2_20260920-221727.jpg,5,flash,92.4,filename reading 58212; file 22/5_main_dig2_20260920-221727.jpg,,
sample,20260920-221727_dig3,20260920-221727,3,C:\Users\josep\source\repos\AIOTED-digital-rawdigits\20260920\22\8_main_dig3_20260920-221727.jpg,8,flash,91.4,filename reading 58212; file 22/8_main_dig3_20260920-221727.jpg,,
sample,20260920-221727_dig4,20260920-221727,4,C:\Users\josep\source\repos\AIOTED-digital-rawdigits\20260920\22\2_main_dig4_20260920-221727.jpg,2,flash,88.7,filename reading 58212; file 22/2_main_dig4_20260920-221727.jpg,,
sample,20260920-221727_dig5,20260920-221727,5,C:\Users\josep\source\repos\AIOTED-digital-rawdigits\20260920\22\1_main_dig5_20260920-221727.jpg,1,flash,70.4,filename reading 58212; file 22/1_main_dig5_20260920-221727.jpg,,
sample,20260920-221727_dig6,20260920-221727,6,C:\Users\josep\source\repos\AIOTED-digital-rawdigits\20260920\22\2_main_dig6_20260920-221727.jpg,2,flash,49.1,filename reading 58212; file 22/2_main_dig6_20260920-221727.jpg,,
sample,20260920-224927_dig2,20260920-224927,2,C:\Users\josep\source\repos\AIOTED-digital-rawdigits\20260920\22\0_main_dig2_20260920-224927.jpg,0,flash,90.5,filename reading 08000; file 22/0_main_dig2_20260920-224927.jpg,,
sample,20260920-224927_dig3,20260920-224927,3,C:\Users\josep\source\repos\AIOTED-digital-rawdigits\20260920\22\8_main_dig3_20260920-224927.jpg,8,flash,90.1,filename reading 08000; file 22/8_main_dig3_20260920-224927.jpg,drift,
sample,20260920-224927_dig4,20260920-224927,4,C:\Users\josep\source\repos\AIOTED-digital-rawdigits\20260920\22\0_main_dig4_20260920-224927.jpg,0,flash,84.9,filename reading 08000; file 22/0_main_dig4_20260920-224927.jpg,,
sample,20260920-224927_dig5,20260920-224927,5,C:\Users\josep\source\repos\AIOTED-digital-rawdigits\20260920\22\0_main_dig5_20260920-224927.jpg,0,flash,67.0,filename reading 08000; file 22/0_main_dig5_20260920-224927.jpg,,
sample,20260920-224927_dig6,20260920-224927,6,C:\Users\josep\source\repos\AIOTED-digital-rawdigits\20260920\22\0_main_dig6_20260920-224927.jpg,0,flash,47.7,filename reading 08000; file 22/0_main_dig6_20260920-224927.jpg,,
sample,20260920-225727_dig2,20260920-225727,2,C:\Users\josep\source\repos\AIOTED-digital-rawdigits\20260920\22\0_main_dig2_20260920-225727.jpg,0,flash,90.2,filename reading 08000; file 22/0_main_dig2_20260920-225727.jpg,,
sample,20260920-225727_dig3,20260920-225727,3,C:\Users\josep\source\repos\AIOTED-digital-rawdigits\20260920\22\8_main_dig3_20260920-225727.jpg,8,flash,89.7,filename reading 08000; file 22/8_main_dig3_20260920-225727.jpg,,
sample,20260920-225727_dig4,20260920-225727,4,C:\Users\josep\source\repos\AIOTED-digital-rawdigits\20260920\22\0_main_dig4_20260920-225727.jpg,0,flash,84.7,filename reading 08000; file 22/0_main_dig4_20260920-225727.jpg,,
sample,20260920-225727_dig5,20260920-225727,5,C:\Users\josep\source\repos\AIOTED-digital-rawdigits\20260920\22\0_main_dig5_20260920-225727.jpg,0,flash,66.9,filename reading 08000; file 22/0_main_dig5_20260920-225727.jpg,,
sample,20260920-225727_dig6,20260920-225727,6,C:\Users\josep\source\repos\AIOTED-digital-rawdigits\20260920\22\0_main_dig6_20260920-225727.jpg,0,flash,47.6,filename reading 08000; file 22/0_main_dig6_20260920-225727.jpg,,
sample,20260920-230927_dig2,20260920-230927,2,C:\Users\josep\source\repos\AIOTED-digital-rawdigits\20260920\23\0_main_dig2_20260920-230927.jpg,0,flash,90.3,filename reading 00000; file 23/0_main_dig2_20260920-230927.jpg,,
sample,20260920-230927_dig3,20260920-230927,3,C:\Users\josep\source\repos\AIOTED-digital-rawdigits\20260920\23\0_main_dig3_20260920-230927.jpg,0,flash,90.2,filename reading 00000; file 23/0_main_dig3_20260920-230927.jpg,,
sample,20260920-230927_dig4,20260920-230927,4,C:\Users\josep\source\repos\AIOTED-digital-rawdigits\20260920\23\0_main_dig4_20260920-230927.jpg,0,flash,85.0,filename reading 00000; file 23/0_main_dig4_20260920-230927.jpg,,
sample,20260920-230927_dig5,20260920-230927,5,C:\Users\josep\source\repos\AIOTED-digital-rawdigits\20260920\23\0_main_dig5_20260920-230927.jpg,0,flash,67.0,filename reading 00000; file 23/0_main_dig5_20260920-230927.jpg,,
sample,20260920-230927_dig6,20260920-230927,6,C:\Users\josep\source\repos\AIOTED-digital-rawdigits\20260920\23\0_main_dig6_20260920-230927.jpg,0,flash,47.7,filename reading 00000; file 23/0_main_dig6_20260920-230927.jpg,,
