queue,item_id,stamp,pos,src,proposed,bucket,brightness,context,preflag,group,needs_verify
unsure_redo,20260804-023125_dig6,20260804-023125,6,C:\Users\josep\source\repos\AIOTED-digital\joes-samples\0_main_dig6_20260804-023125.jpg,0,,,revisit x call; model saw ?; reading_est ?,,,1
unsure_redo,20260816-022202_dig6,20260816-022202,6,C:\Users\josep\source\repos\AIOTED-digital-rawdigits\20260816\02\9_main_dig6_20260816-022202.jpg,0,flash,75.17,revisit x call; model saw 9; reading_est 58020,,,1
unsure_redo,20260816-022602_dig6,20260816-022602,6,C:\Users\josep\source\repos\AIOTED-digital-rawdigits\20260816\02\9_main_dig6_20260816-022602.jpg,0,flash,75.09,revisit x call; model saw 9; reading_est 58020,,,1
unsure_redo,20260816-024202_dig6,20260816-024202,6,C:\Users\josep\source\repos\AIOTED-digital-rawdigits\20260816\02\9_main_dig6_20260816-024202.jpg,0,flash,75.10,revisit x call; model saw 9; reading_est 58020,,,1
unsure_redo,20260816-024602_dig6,20260816-024602,6,C:\Users\josep\source\repos\AIOTED-digital-rawdigits\20260816\02\9_main_dig6_20260816-024602.jpg,0,flash,75.12,revisit x call; model saw 9; reading_est 58020,,,1
unsure_redo,20260825-015346_dig6,20260825-015346,6,C:\Users\josep\source\repos\AIOTED-digital-rawdigits\20260825\01\9_main_dig6_20260825-015346.jpg,0,flash,76.23,revisit x call; model saw 9; reading_est 58340,,,1
unsure_redo,20260827-235340_dig6,20260827-235340,6,C:\Users\josep\source\repos\AIOTED-digital-rawdigits\20260827\23\9_main_dig6_20260827-235340.jpg,0,flash,75.87,revisit x call; model saw 9; reading_est 58450,,,1
unsure_redo,20260829-032938_dig6,20260829-032938,6,C:\Users\josep\source\repos\AIOTED-digital-rawdigits\20260829\03\9_main_dig6_20260829-032938.jpg,0,flash,75.94,revisit x call; model saw 9; reading_est 58490,,,1
unsure_redo,20260829-204537_dig6,20260829-204537,6,C:\Users\josep\source\repos\AIOTED-digital-rawdigits\20260829\20\9_main_dig6_20260829-204537.jpg,0,flash,75.82,revisit x call; model saw 9; reading_est 58510,,,1
unsure_redo,20260919-185329_dig6,20260919-185329,6,C:\Users\josep\source\repos\AIOTED-digital-rawdigits\20260919\18\6_main_dig6_20260919-185329.jpg,0,flash,79.17,revisit x call; model saw 6; reading_est 59190,,,1
unsure_redo,20260821-232151_dig6,20260821-232151,6,C:\Users\josep\source\repos\AIOTED-digital-rawdigits\20260821\23\9_main_dig6_20260821-232151.jpg,1,flash,76.87,revisit x call; model saw 9; reading_est 58241,,,1
unsure_redo,20260902-220309_dig6,20260902-220309,6,C:\Users\josep\source\repos\AIOTED-digital-rawdigits\20260902\22\9_main_dig6_20260902-220309.jpg,1,flash,74.79,revisit x call; model saw 9; reading_est 58681,,,1
unsure_redo,20260902-221109_dig6,20260902-221109,6,C:\Users\josep\source\repos\AIOTED-digital-rawdigits\20260902\22\9_main_dig6_20260902-221109.jpg,1,flash,74.81,revisit x call; model saw 9; reading_est 58681,,,1
unsure_redo,20260904-074706_dig6,20260904-074706,6,C:\Users\josep\source\repos\AIOTED-digital-rawdigits\20260904\07\6_main_dig6_20260904-074706.jpg,1,flash,76.00,revisit x call; model saw 6; reading_est 58731,,,1
unsure_redo,20260912-194058_dig6,20260912-194058,6,C:\Users\josep\source\repos\AIOTED-digital-rawdigits\20260912\19\8_main_dig6_20260912-194058.jpg,1,flash,77.31,revisit x call; model saw 8; reading_est 59030,,,1
unsure_redo,20260919-221328_dig6,20260919-221328,6,C:\Users\josep\source\repos\AIOTED-digital-rawdigits\20260919\22\1_main_dig6_20260919-221328.jpg,4,flash,78.72,revisit x call; model saw 1; reading_est 59194,,,1
unsure_redo,20260919-222128_dig6,20260919-222128,6,C:\Users\josep\source\repos\AIOTED-digital-rawdigits\20260919\22\1_main_dig6_20260919-222128.jpg,4,flash,78.83,revisit x call; model saw 1; reading_est 59194,,,1
unsure_redo,20260919-222928_dig6,20260919-222928,6,C:\Users\josep\source\repos\AIOTED-digital-rawdigits\20260919\22\1_main_dig6_20260919-222928.jpg,4,flash,78.31,revisit x call; model saw 1; reading_est 59194,,,1
unsure_redo,20260919-223328_dig6,20260919-223328,6,C:\Users\josep\source\repos\AIOTED-digital-rawdigits\20260919\22\1_main_dig6_20260919-223328.jpg,4,flash,78.93,revisit x call; model saw 1; reading_est 59194,,,1
unsure_redo,20260919-230928_dig6,20260919-230928,6,C:\Users\josep\source\repos\AIOTED-digital-rawdigits\20260919\23\1_main_dig6_20260919-230928.jpg,4,flash,78.22,revisit x call; model saw 1; reading_est 59194,,,1
unsure_redo,20260925-235016_dig6,20260925-235016,6,C:\Users\josep\source\repos\AIOTED-digital-rawdigits\20260925\23\1_main_dig6_20260925-235016.jpg,4,flash,79.00,revisit x call; model saw 1; reading_est 59324,,,1
unsure_redo,20260926-004216_dig6,20260926-004216,6,C:\Users\josep\source\repos\AIOTED-digital-rawdigits\20260926\00\1_main_dig6_20260926-004216.jpg,4,flash,78.86,revisit x call; model saw 1; reading_est 59324,,,1
unsure_redo,20260926-230614_dig6,20260926-230614,6,C:\Users\josep\source\repos\AIOTED-digital-rawdigits\20260926\23\1_main_dig6_20260926-230614.jpg,4,flash,78.08,revisit x call; model saw 1; reading_est 59344,,,1
unsure_redo,20260926-231414_dig6,20260926-231414,6,C:\Users\josep\source\repos\AIOTED-digital-rawdigits\20260926\23\1_main_dig6_20260926-231414.jpg,4,flash,78.12,revisit x call; model saw 1; reading_est 59344,,,1
unsure_redo,20260917-224531_dig6,20260917-224531,6,C:\Users\josep\source\repos\AIOTED-digital-rawdigits\20260917\22\6_main_dig6_20260917-224531.jpg,5,flash,78.17,revisit x call; model saw 6; reading_est 59146,,,1
unsure_redo,20260913-022857_dig6,20260913-022857,6,C:\Users\josep\source\repos\AIOTED-digital-rawdigits\20260913\02\8_main_dig6_20260913-022857.jpg,6,flash,77.74,revisit x call; model saw 8; reading_est 59036,,,1
unsure_redo,20260917-214532_dig6,20260917-214532,6,C:\Users\josep\source\repos\AIOTED-digital-rawdigits\20260917\21\6_main_dig6_20260917-214532.jpg,6,flash,77.87,revisit x call; model saw 6; reading_est 59146,,,1
unsure_redo,20260923-025323_dig6,20260923-025323,6,C:\Users\josep\source\repos\AIOTED-digital-rawdigits\20260923\02\6_main_dig6_20260923-025323.jpg,6,flash,77.87,revisit x call; model saw 6; reading_est 59256,,,1
unsure_redo,20260927-013414_dig6,20260927-013414,6,C:\Users\josep\source\repos\AIOTED-digital-rawdigits\20260927\01\2_main_dig6_20260927-013414.jpg,6,flash,77.91,revisit x call; model saw 2; reading_est 59346,,,1
unsure_redo,20260806-002415_dig6,20260806-002415,6,C:\Users\josep\source\repos\AIOTED-digital\work\labeled\b\8_main_dig6_20260806-002415.jpg,8,,,revisit x call; model saw ?; reading_est ?,,,1
unsure_redo,20260806-042415_dig6,20260806-042415,6,C:\Users\josep\source\repos\AIOTED-digital\work\labeled\b\8_main_dig6_20260806-042415.jpg,8,,,revisit x call; model saw ?; reading_est ?,,,1
unsure_redo,20260806-043215_dig6,20260806-043215,6,C:\Users\josep\source\repos\AIOTED-digital\work\labeled\b\8_main_dig6_20260806-043215.jpg,8,,,revisit x call; model saw ?; reading_est ?,,,1
unsure_redo,20260807-052013_dig6,20260807-052013,6,C:\Users\josep\source\repos\AIOTED-digital\work\labeled\b\8_main_dig6_20260807-052013.jpg,8,,,revisit x call; model saw ?; reading_est ?,,,1
unsure_redo,20260807-052813_dig6,20260807-052813,6,C:\Users\josep\source\repos\AIOTED-digital\work\labeled\b\8_main_dig6_20260807-052813.jpg,8,,,revisit x call; model saw ?; reading_est ?,,,1
unsure_redo,20260907-003124_dig6,20260907-003124,6,C:\Users\josep\source\repos\AIOTED-digital-rawdigits\20260907\00\0_main_dig6_20260907-003124.jpg,8,flash,77.22,revisit x call; model saw 0; reading_est 58828,,,1
unsure_redo,20260806-003615_dig6,20260806-003615,6,C:\Users\josep\source\repos\AIOTED-digital\work\labeled\b\9_main_dig6_20260806-003615.jpg,9,,,revisit x call; model saw ?; reading_est ?,,,1
unsure_redo,20260824-004947_dig6,20260824-004947,6,C:\Users\josep\source\repos\AIOTED-digital-rawdigits\20260824\00\9_main_dig6_20260824-004947.jpg,9,flash,77.94,revisit x call; model saw 9; reading_est 58310,,,1
unsure_redo,20260904-003506_dig6,20260904-003506,6,C:\Users\josep\source\repos\AIOTED-digital-rawdigits\20260904\00\9_main_dig6_20260904-003506.jpg,9,flash,77.17,revisit x call; model saw 9; reading_est 58720,,,1
unsure_redo,20260904-210258_dig6,20260904-210258,6,C:\Users\josep\source\repos\AIOTED-digital-rawdigits\20260904\21\8_main_dig6_20260904-210258.jpg,9,flash,76.76,revisit x call; model saw 8; reading_est 58759,,,1
unsure_redo,20260913-042057_dig6,20260913-042057,6,C:\Users\josep\source\repos\AIOTED-digital-rawdigits\20260913\04\6_main_dig6_20260913-042057.jpg,9,flash,77.86,revisit x call; model saw 6; reading_est 59039,,,1
unsure_redo,20260822-182950_dig4,20260822-182950,4,C:\Users\josep\source\repos\AIOTED-digital-rawdigits\20260822\18\8_main_dig4_20260822-182950.jpg,0,transition,91.21,revisit x call; model saw 8; reading_est 58270,,,1
unsure_redo,20260822-182950_dig3,20260822-182950,3,C:\Users\josep\source\repos\AIOTED-digital-rawdigits\20260822\18\8_main_dig3_20260822-182950.jpg,0,transition,91.21,revisit x call; model saw 8; reading_est 58270,,,1
